{
	"song": {
		"player1": "terry",
		"events": [
			[
				1573.42657342657,
				[
					[
						"HideNotes",
						"222",
						""
					]
				]
			],
			[
				10323.708549515,
				[
					[
						"Change Scroll Speed",
						"2",
						"0.3"
					]
				]
			],
			[
				10646.2891946763,
				[
					[
						"Change Scroll Speed",
						"1",
						"0.3"
					]
				]
			],
			[
				12904.3537108053,
				[
					[
						"Change Scroll Speed",
						"2",
						"0.3"
					]
				]
			],
			[
				13226.9343559666,
				[
					[
						"Change Scroll Speed",
						"1",
						"0"
					],
					[
						"Change Scroll Speed",
						"2",
						"0.06"
					]
				]
			],
			[
				13307.5795172569,
				[
					[
						"Change Scroll Speed",
						"1",
						"0"
					],
					[
						"Change Scroll Speed",
						"2",
						"0.06"
					]
				]
			],
			[
				13388.2246785473,
				[
					[
						"Change Scroll Speed",
						"1",
						"0"
					],
					[
						"Change Scroll Speed",
						"2",
						"0.11"
					]
				]
			],
			[
				13549.5150011279,
				[
					[
						"Change Scroll Speed",
						"1",
						"0"
					],
					[
						"Change Scroll Speed",
						"2",
						"0.11"
					]
				]
			],
			[
				13710.8053237085,
				[
					[
						"Change Scroll Speed",
						"1",
						"0.11"
					]
				]
			]
		],
		"gfVersion": "gf-full-invis",
		"notes": [
			{
				"sectionNotes": [],
				"lengthInSteps": 16,
				"sectionBeats": 1,
				"changeBPM": true,
				"mustHitSection": true,
				"bpm": 28.6
			},
			{
				"sectionNotes": [
					[
						2097.9020979021,
						3,
						0
					],
					[
						2259.19242048274,
						0,
						0
					],
					[
						2420.48274306339,
						0,
						0
					],
					[
						2581.77306564403,
						0,
						0
					],
					[
						2743.06338822468,
						1,
						0
					],
					[
						2904.35371080532,
						2,
						0
					],
					[
						3065.64403338597,
						2,
						0
					],
					[
						3226.93435596661,
						2,
						0
					]
				],
				"lengthInSteps": 16,
				"sectionBeats": 4,
				"bpm": 186,
				"mustHitSection": true,
				"changeBPM": true
			},
			{
				"sectionNotes": [
					[
						3388.22467854726,
						3,
						80.6451612903226
					],
					[
						4033.38596886984,
						0,
						80.6451612903226
					],
					[
						4194.67629145049,
						2,
						80.6451612903226
					],
					[
						4355.96661403113,
						1,
						80.6451612903226
					],
					[
						4517.25693661178,
						0,
						80.6451612903226
					]
				],
				"lengthInSteps": 16,
				"mustHitSection": true
			},
			{
				"sectionNotes": [
					[
						4678.54725919242,
						2,
						80.6451612903226
					],
					[
						4839.83758177306,
						3,
						80.6451612903226
					],
					[
						5323.708549515,
						3,
						241.935483870968
					],
					[
						5646.28919467629,
						1,
						1532.25806451613
					]
				],
				"lengthInSteps": 16,
				"mustHitSection": true
			},
			{
				"sectionNotes": [],
				"lengthInSteps": 16,
				"mustHitSection": true
			},
			{
				"sectionNotes": [
					[
						8226.93435596661,
						2,
						161.290322580645
					]
				],
				"lengthInSteps": 16,
				"mustHitSection": true
			},
			{
				"sectionNotes": [
					[
						8710.80532370855,
						0,
						0
					],
					[
						8549.5150011279,
						1,
						0
					],
					[
						8872.09564628919,
						1,
						0
					],
					[
						9033.38596886984,
						3,
						0
					],
					[
						9194.67629145049,
						2,
						0
					],
					[
						9355.96661403113,
						3,
						0
					],
					[
						9517.25693661178,
						2,
						0
					],
					[
						9678.54725919242,
						0,
						0
					]
				],
				"lengthInSteps": 16,
				"mustHitSection": true
			},
			{
				"sectionNotes": [
					[
						9839.83758177306,
						2,
						0
					],
					[
						10001.1279043537,
						0,
						0
					],
					[
						10162.4182269344,
						1,
						0
					],
					[
						10323.708549515,
						2,
						241.935483870968
					],
					[
						10646.2891946763,
						3,
						0
					],
					[
						10807.5795172569,
						1,
						0
					],
					[
						10968.8698398376,
						2,
						80.6451612903226
					]
				],
				"lengthInSteps": 16,
				"mustHitSection": true
			},
			{
				"sectionNotes": [
					[
						11291.4504849989,
						3,
						80.6451612903226
					],
					[
						11452.7408075795,
						2,
						0
					],
					[
						11614.0311301602,
						1,
						80.6451612903226
					],
					[
						11936.6117753215,
						0,
						0
					],
					[
						12097.9020979021,
						3,
						0
					],
					[
						12259.1924204827,
						1,
						80.6451612903226
					]
				],
				"lengthInSteps": 16,
				"mustHitSection": true
			},
			{
				"sectionNotes": [
					[
						12581.773065644,
						3,
						241.935483870968
					],
					[
						12904.3537108053,
						0,
						241.935483870968
					],
					[
						13226.9343559666,
						0,
						0
					],
					[
						13307.5795172569,
						0,
						0
					],
					[
						13388.2246785473,
						0,
						0
					],
					[
						13549.5150011279,
						0,
						0
					]
				],
				"lengthInSteps": 16,
				"mustHitSection": true
			},
			{
				"sectionNotes": [
					[
						13710.8053237085,
						1,
						80.6451612903226
					],
					[
						13872.0956462892,
						0,
						0
					],
					[
						14033.3859688698,
						3,
						80.6451612903226
					],
					[
						14194.6762914505,
						1,
						80.6451612903226
					],
					[
						14678.5472591924,
						2,
						80.6451612903226
					],
					[
						14839.8375817731,
						3,
						80.6451612903226
					],
					[
						14517.2569366118,
						0,
						0
					],
					[
						14355.9666140311,
						2,
						0
					]
				],
				"lengthInSteps": 16,
				"mustHitSection": true
			},
			{
				"sectionNotes": [
					[
						15001.1279043537,
						2,
						80.6451612903226
					],
					[
						15162.4182269344,
						0,
						80.6451612903226
					],
					[
						15323.708549515,
						3,
						80.6451612903226
					],
					[
						15484.9988720956,
						0,
						241.935483870968
					],
					[
						15807.5795172569,
						2,
						403.225806451613
					],
					[
						15968.8698398376,
						1,
						241.935483870968
					],
					[
						16130.1601624182,
						3,
						80.6451612903226
					]
				],
				"lengthInSteps": 16,
				"mustHitSection": true
			},
			{
				"sectionNotes": [
					[
						16291.4504849989,
						0,
						80.6451612903226
					],
					[
						16452.7408075795,
						3,
						80.6451612903226
					],
					[
						16614.0311301602,
						2,
						80.6451612903226
					],
					[
						16775.3214527408,
						0,
						80.6451612903226
					],
					[
						17097.9020979021,
						2,
						403.225806451613
					],
					[
						17259.1924204827,
						3,
						241.935483870968
					],
					[
						17420.4827430634,
						1,
						80.6451612903226
					]
				],
				"lengthInSteps": 16,
				"mustHitSection": true
			},
			{
				"sectionNotes": [
					[
						17581.773065644,
						0,
						80.6451612903226
					],
					[
						17743.0633882247,
						1,
						80.6451612903226
					],
					[
						17904.3537108053,
						2,
						0
					],
					[
						18065.644033386,
						0,
						0
					],
					[
						18388.2246785473,
						2,
						403.225806451613
					],
					[
						18549.5150011279,
						3,
						241.935483870968
					],
					[
						18710.8053237085,
						1,
						80.6451612903226
					]
				],
				"lengthInSteps": 16,
				"mustHitSection": true
			},
			{
				"sectionNotes": [
					[
						18872.0956462892,
						3,
						80.6451612903226
					],
					[
						19033.3859688698,
						2,
						80.6451612903226
					],
					[
						19194.6762914505,
						1,
						0
					],
					[
						19355.9666140311,
						3,
						0
					],
					[
						19678.5472591924,
						1,
						403.225806451613
					],
					[
						19839.8375817731,
						0,
						241.935483870968
					],
					[
						20001.1279043537,
						2,
						80.6451612903226
					]
				],